Zaman,Temiz_Voltaj,Bozuk_Voltaj
2026-01-01 00:00:00,12.267708972115772,12.267708972115772
2026-01-01 01:00:00,11.963781395864343,11.963781395864343
2026-01-01 02:00:00,12.539848756641538,12.539848756641538
2026-01-01 03:00:00,12.230149547272156,12.230149547272156
2026-01-01 04:00:00,12.079948478687228,12.079948478687228
2026-01-01 05:00:00,12.159507127271603,12.159507127271603
2026-01-01 06:00:00,13.078544252091312,13.078544252091312
2026-01-01 07:00:00,12.733379416389162,12.733379416389162
2026-01-01 08:00:00,12.827103450971642,12.827103450971642
2026-01-01 09:00:00,12.726978358946088,12.726978358946088
2026-01-01 10:00:00,12.581179224403611,12.581179224403611
2026-01-01 11:00:00,13.082016703975812,13.082016703975812
2026-01-01 12:00:00,12.967441185569731,12.967441185569731
2026-01-01 13:00:00,12.932338148326004,12.932338148326004
2026-01-01 14:00:00,13.410910352206367,13.410910352206367
2026-01-01 15:00:00,13.11229181892747,13.11229181892747
2026-01-01 16:00:00,12.89246420085987,12.89246420085987
2026-01-01 17:00:00,13.11849128492641,13.11849128492641
2026-01-01 18:00:00,13.177916225435748,13.177916225435748
2026-01-01 19:00:00,13.356219008137103,13.356219008137103
2026-01-01 20:00:00,13.975771514235698,13.975771514235698
2026-01-01 21:00:00,13.28520736835175,13.28520736835175
2026-01-01 22:00:00,13.919091230428485,13.919091230428485
2026-01-01 23:00:00,13.319146084125542,13.319146084125542
2026-01-02 00:00:00,13.93313042223677,13.93313042223677
2026-01-02 01:00:00,13.576393776258604,13.576393776258604
2026-01-02 02:00:00,13.644411093048223,13.644411093048223
2026-01-02 03:00:00,13.95142821890503,13.95142821890503
2026-01-02 04:00:00,14.097672118514707,14.097672118514707
2026-01-02 05:00:00,14.261804922460527,14.261804922460527
2026-01-02 06:00:00,13.89438050965066,13.89438050965066
2026-01-02 07:00:00,13.864129813195298,13.864129813195298
2026-01-02 08:00:00,14.266138186180667,14.266138186180667
2026-01-02 09:00:00,13.997123794105885,13.997123794105885
2026-01-02 10:00:00,13.622828451394911,13.622828451394911
2026-01-02 11:00:00,13.788972456138124,13.788972456138124
2026-01-02 12:00:00,13.820708456017579,13.820708456017579
2026-01-02 13:00:00,13.942465883247692,13.942465883247692
2026-01-02 14:00:00,13.917212250306125,13.917212250306125
2026-01-02 15:00:00,14.224198927004768,14.224198927004768
2026-01-02 16:00:00,14.166251507274838,14.166251507274838
2026-01-02 17:00:00,14.08764705082352,14.08764705082352
2026-01-02 18:00:00,14.097026071185205,14.097026071185205
2026-01-02 19:00:00,14.034105958392107,14.034105958392107
2026-01-02 20:00:00,14.0616097728421,14.0616097728421
2026-01-02 21:00:00,13.860502752687557,13.860502752687557
2026-01-02 22:00:00,13.777650520699913,13.777650520699913
2026-01-02 23:00:00,13.857479685458387,13.857479685458387
2026-01-03 00:00:00,13.467944860196845,13.467944860196845
2026-01-03 01:00:00,13.895800660475262,13.895800660475262
2026-01-03 02:00:00,13.604960357041728,13.604960357041728
2026-01-03 03:00:00,13.98658883270405,13.98658883270405
2026-01-03 04:00:00,13.762028170735462,13.762028170735462
2026-01-03 05:00:00,13.29936537451308,13.29936537451308
2026-01-03 06:00:00,13.499501022749566,13.499501022749566
2026-01-03 07:00:00,13.405910547672558,13.405910547672558
2026-01-03 08:00:00,13.436386889060305,13.436386889060305
2026-01-03 09:00:00,13.306746650944309,13.306746650944309
2026-01-03 10:00:00,13.158173333625408,13.158173333625408
2026-01-03 11:00:00,13.219094359628793,18.615708608225845
2026-01-03 12:00:00,13.006330011876459,13.006330011876459
2026-01-03 13:00:00,13.271818970342542,13.271818970342542
2026-01-03 14:00:00,12.95852121082299,12.95852121082299
2026-01-03 15:00:00,13.29430889776642,13.29430889776642
2026-01-03 16:00:00,13.27240558839736,13.27240558839736
2026-01-03 17:00:00,12.793979831458216,12.793979831458216
2026-01-03 18:00:00,12.75489468467453,12.75489468467453
2026-01-03 19:00:00,12.541783744206645,12.541783744206645
2026-01-03 20:00:00,12.473690004282352,12.473690004282352
2026-01-03 21:00:00,12.48887099592704,12.48887099592704
2026-01-03 22:00:00,12.314049936083284,12.314049936083284
2026-01-03 23:00:00,12.44418372659819,12.44418372659819
2026-01-04 00:00:00,12.375155986884273,12.375155986884273
2026-01-04 01:00:00,12.322534851438954,12.322534851438954
2026-01-04 02:00:00,12.146435682609315,23.52446200470589
2026-01-04 03:00:00,11.81310822612473,11.81310822612473
2026-01-04 04:00:00,11.800178444146043,11.800178444146043
2026-01-04 05:00:00,11.698342112291305,11.698342112291305
2026-01-04 06:00:00,11.721334351040314,11.721334351040314
2026-01-04 07:00:00,11.381227595047598,11.381227595047598
2026-01-04 08:00:00,11.488599673068181,11.488599673068181
2026-01-04 09:00:00,11.373828189697818,11.373828189697818
2026-01-04 10:00:00,11.365757111556308,11.365757111556308
2026-01-04 11:00:00,11.251100332342777,11.251100332342777
2026-01-04 12:00:00,11.302805549825168,11.302805549825168
2026-01-04 13:00:00,11.471490734474818,11.471490734474818
2026-01-04 14:00:00,11.01822983580343,11.01822983580343
2026-01-04 15:00:00,10.709669393628419,10.709669393628419
2026-01-04 16:00:00,10.66721198579091,10.66721198579091
2026-01-04 17:00:00,10.75647640093389,6.70956769172206
2026-01-04 18:00:00,10.675590982460088,10.675590982460088
2026-01-04 19:00:00,10.69384700864123,10.69384700864123
2026-01-04 20:00:00,10.909452083028112,10.909452083028112
2026-01-04 21:00:00,10.534630067649847,10.534630067649847
2026-01-04 22:00:00,10.866991765302474,10.866991765302474
2026-01-04 23:00:00,10.713075356137228,10.713075356137228
2026-01-05 00:00:00,10.226387034363379,10.226387034363379
2026-01-05 01:00:00,10.53131405933943,10.53131405933943
2026-01-05 02:00:00,10.419716381666623,10.419716381666623
2026-01-05 03:00:00,10.585147107742683,10.585147107742683
2026-01-05 04:00:00,10.340816099739971,10.340816099739971
2026-01-05 05:00:00,10.027798052083696,10.027798052083696
2026-01-05 06:00:00,10.309370073260226,10.309370073260226
2026-01-05 07:00:00,10.236466726802888,17.2918218576216
2026-01-05 08:00:00,9.899187666210244,9.899187666210244
2026-01-05 09:00:00,10.244357211736626,10.244357211736626
2026-01-05 10:00:00,9.879159049558442,9.879159049558442
2026-01-05 11:00:00,10.278536389334999,10.278536389334999
2026-01-05 12:00:00,9.847417601588475,9.847417601588475
2026-01-05 13:00:00,10.348033998180592,10.348033998180592
2026-01-05 14:00:00,9.936884145649259,9.936884145649259
2026-01-05 15:00:00,9.815971435958923,9.815971435958923
2026-01-05 16:00:00,10.043797466136887,10.043797466136887
2026-01-05 17:00:00,9.902519005586766,9.902519005586766
2026-01-05 18:00:00,10.293079481674035,10.293079481674035
2026-01-05 19:00:00,9.97751381245489,9.97751381245489
2026-01-05 20:00:00,10.085575591069551,10.085575591069551
2026-01-05 21:00:00,9.93019611680824,9.93019611680824
2026-01-05 22:00:00,10.085246920010961,10.085246920010961
2026-01-05 23:00:00,10.114609497850601,10.114609497850601
2026-01-06 00:00:00,10.219858190866603,10.219858190866603
2026-01-06 01:00:00,10.00984413351317,10.00984413351317
2026-01-06 02:00:00,10.119355315451836,10.119355315451836
2026-01-06 03:00:00,9.923539734984317,9.923539734984317
2026-01-06 04:00:00,10.033780180184667,10.033780180184667
2026-01-06 05:00:00,10.306058565190787,10.306058565190787
2026-01-06 06:00:00,10.357770888736928,10.357770888736928
2026-01-06 07:00:00,10.37129538738794,10.37129538738794
2026-01-06 08:00:00,10.497475042905377,10.497475042905377
2026-01-06 09:00:00,10.504882267349597,10.504882267349597
2026-01-06 10:00:00,10.656901385548418,10.656901385548418
2026-01-06 11:00:00,10.810441896763082,10.810441896763082
2026-01-06 12:00:00,10.803352197544232,10.803352197544232
2026-01-06 13:00:00,10.67065090302498,4.271070166108654
2026-01-06 14:00:00,10.41830964191887,10.41830964191887
2026-01-06 15:00:00,10.66267033916165,10.66267033916165
2026-01-06 16:00:00,10.952970622843942,10.952970622843942
2026-01-06 17:00:00,11.012277018824214,11.012277018824214
2026-01-06 18:00:00,11.353109100653667,11.353109100653667
2026-01-06 19:00:00,10.925382936216575,10.925382936216575
2026-01-06 20:00:00,10.99919773018658,10.99919773018658
2026-01-06 21:00:00,10.9710378278686,10.9710378278686
2026-01-06 22:00:00,11.15986319094391,11.15986319094391
2026-01-06 23:00:00,11.167199686161377,11.167199686161377
2026-01-07 00:00:00,11.560705147721285,11.560705147721285
2026-01-07 01:00:00,11.450463130205065,11.450463130205065
2026-01-07 02:00:00,11.833737308266873,11.833737308266873
2026-01-07 03:00:00,11.7111995473755,11.7111995473755
2026-01-07 04:00:00,12.01082237721234,12.01082237721234
2026-01-07 05:00:00,11.860244533629182,11.860244533629182
2026-01-07 06:00:00,12.051543989762381,12.051543989762381
2026-01-07 07:00:00,11.617158621353932,11.617158621353932
2026-01-07 08:00:00,12.010969103740834,12.010969103740834
2026-01-07 09:00:00,12.089623563739766,12.089623563739766
2026-01-07 10:00:00,12.323261387163349,12.323261387163349
2026-01-07 11:00:00,12.698589758619923,7.088016702494594
2026-01-07 12:00:00,12.539468688213432,12.539468688213432
2026-01-07 13:00:00,12.837109587776862,12.837109587776862
2026-01-07 14:00:00,12.19510625440883,12.19510625440883
2026-01-07 15:00:00,12.606879514296583,12.606879514296583
2026-01-07 16:00:00,13.221538787681883,13.221538787681883
2026-01-07 17:00:00,13.128074328093332,13.128074328093332
2026-01-07 18:00:00,12.755115970010804,12.755115970010804
2026-01-07 19:00:00,12.88650014839511,12.88650014839511
2026-01-07 20:00:00,13.045576846680143,13.045576846680143
2026-01-07 21:00:00,13.16321437155756,13.16321437155756
2026-01-07 22:00:00,13.153979667997756,13.153979667997756
2026-01-07 23:00:00,13.343200969275092,13.343200969275092
2026-01-08 00:00:00,13.312800397899943,13.312800397899943
2026-01-08 01:00:00,13.364307261728326,13.364307261728326
2026-01-08 02:00:00,13.702881264901979,13.702881264901979
2026-01-08 03:00:00,13.344931819066568,13.344931819066568
2026-01-08 04:00:00,13.57129894589165,13.57129894589165
2026-01-08 05:00:00,13.674526823357382,13.674526823357382
2026-01-08 06:00:00,13.604359062821514,13.604359062821514
2026-01-08 07:00:00,13.28651388280709,13.28651388280709
2026-01-08 08:00:00,13.842381221333854,13.842381221333854
2026-01-08 09:00:00,13.792204773020792,13.792204773020792
2026-01-08 10:00:00,13.46176022596064,13.46176022596064
2026-01-08 11:00:00,13.471405351988874,13.471405351988874
2026-01-08 12:00:00,14.023589096095693,14.023589096095693
2026-01-08 13:00:00,13.72886638152217,13.72886638152217
2026-01-08 14:00:00,13.58488261301734,13.58488261301734
2026-01-08 15:00:00,14.11037079116684,14.11037079116684
2026-01-08 16:00:00,14.12816933344639,14.12816933344639
2026-01-08 17:00:00,13.791451986122974,13.791451986122974
2026-01-08 18:00:00,14.136656504611022,14.136656504611022
2026-01-08 19:00:00,14.016682597256745,14.016682597256745
2026-01-08 20:00:00,14.106778323881395,14.106778323881395
2026-01-08 21:00:00,14.026791542057763,14.026791542057763
2026-01-08 22:00:00,14.359955804815057,14.359955804815057
2026-01-08 23:00:00,13.54561031315993,13.54561031315993
2026-01-09 00:00:00,14.096223476735224,14.096223476735224
2026-01-09 01:00:00,13.858055240196194,13.858055240196194
2026-01-09 02:00:00,13.903938027044893,13.903938027044893
2026-01-09 03:00:00,13.934857827543714,13.934857827543714
2026-01-09 04:00:00,14.123013673540523,14.123013673540523
2026-01-09 05:00:00,13.600738714492477,13.600738714492477
2026-01-09 06:00:00,13.842462518210898,13.842462518210898
2026-01-09 07:00:00,13.782479637265364,13.782479637265364
2026-01-09 08:00:00,13.733586138873337,7.960822290294501
2026-01-09 09:00:00,13.903668390586574,16.329639715528568
2026-01-09 10:00:00,13.622788434365221,9.226677328477145
2026-01-09 11:00:00,13.388415336903407,21.680856549948647
2026-01-09 12:00:00,14.007137897888851,21.1259325196745
2026-01-09 13:00:00,13.751605034045951,13.797920039238145
2026-01-09 14:00:00,13.740590036451756,15.120475923632895
2026-01-09 15:00:00,13.35051144048601,15.873345758358978
2026-01-09 16:00:00,13.334203104046294,16.085366854712866
2026-01-09 17:00:00,13.082999336716945,16.917165134392945
2026-01-09 18:00:00,13.045121597517682,10.075796527677916
2026-01-09 19:00:00,13.148475726889599,-2.990996822148145
2026-01-09 20:00:00,13.057388067917234,15.26180370285358
2026-01-09 21:00:00,13.16979148064788,11.616876087242787
2026-01-09 22:00:00,12.815096316027969,20.1416997109209
2026-01-09 23:00:00,12.802012344717825,10.366526494579928
2026-01-10 00:00:00,13.044076759194295,23.710913060232187
2026-01-10 01:00:00,12.910000268228677,15.835308383167742
2026-01-10 02:00:00,12.44394595342333,9.791939441183924
2026-01-10 03:00:00,12.458623256721435,9.317388418373007
2026-01-10 04:00:00,12.624816197912025,16.39687437573882
2026-01-10 05:00:00,12.089708589625634,14.412982538869025
2026-01-10 06:00:00,12.245138336805239,6.80563301485803
2026-01-10 07:00:00,12.067722784364147,19.433444694884063
2026-01-10 08:00:00,12.114660606182705,14.882944535466747
2026-01-10 09:00:00,12.069188456209954,9.41137522530559
2026-01-10 10:00:00,12.072808517401247,17.468796540257543
2026-01-10 11:00:00,11.882437124716185,11.996092145084285
2026-01-10 12:00:00,11.986370079359943,17.94176113067136
2026-01-10 13:00:00,11.4879496781659,5.876697189745914
2026-01-10 14:00:00,11.485358570148323,4.712976333966178
2026-01-10 15:00:00,11.391812956117601,9.356873661574198
2026-01-10 16:00:00,11.590262795808632,15.091474413094998
2026-01-10 17:00:00,11.166367514840864,12.935647532196423
2026-01-10 18:00:00,11.3054616221047,17.539900148946163
2026-01-10 19:00:00,11.174046173836633,12.524902652219316
2026-01-10 20:00:00,11.152739597721263,18.384006962485024
2026-01-10 21:00:00,11.377718821877693,6.373249882255534
2026-01-10 22:00:00,10.894246605513427,3.199426841898923
2026-01-10 23:00:00,11.108566895198507,13.718726673795627
2026-01-11 00:00:00,11.211148878592478,8.528848926009209
2026-01-11 01:00:00,10.712655247862246,9.383384123210094
2026-01-11 02:00:00,10.965353525983735,11.33701252507302
2026-01-11 03:00:00,10.658155777786757,9.602051347391496
2026-01-11 04:00:00,10.466645076650634,2.4041259940710216
2026-01-11 05:00:00,10.456620389668554,12.5033314189444
2026-01-11 06:00:00,10.614598742284372,14.068948734913237
2026-01-11 07:00:00,10.66382494938851,10.222255970460916
2026-01-11 08:00:00,10.61732831565188,0.8901699580741589
2026-01-11 09:00:00,10.361391055947307,12.588210755112268
2026-01-11 10:00:00,10.343263445976765,11.071236022600496
2026-01-11 11:00:00,10.16605806987075,5.892467946140488
2026-01-11 12:00:00,10.27617881623658,13.09975332149605
2026-01-11 13:00:00,10.042657800642461,10.457080109284101
2026-01-11 14:00:00,9.766219955538832,7.077195886858023
2026-01-11 15:00:00,10.15788569040529,9.350570207638201
2026-01-11 16:00:00,10.025266562134757,7.9111310385335605
2026-01-11 17:00:00,10.244221973690774,13.585882948196483
2026-01-11 18:00:00,10.219953238450696,12.912010201053942
2026-01-11 19:00:00,10.129140086806204,8.682919699902836
2026-01-11 20:00:00,9.826100236812698,1.770254121635329
2026-01-11 21:00:00,9.995790908348775,2.924034424366054
2026-01-11 22:00:00,9.869157952564906,2.7568471430859613
2026-01-11 23:00:00,10.2945149559549,13.217005855417476
2026-01-12 00:00:00,9.796064786277702,14.737841419823631
2026-01-12 01:00:00,10.170491289287805,9.26774218097023
2026-01-12 02:00:00,10.15912891760772,12.775118974129171
2026-01-12 03:00:00,10.06063077918784,14.80741607976986
2026-01-12 04:00:00,9.82914821821499,14.341348054276658
2026-01-12 05:00:00,10.386313659123966,8.860383971461165
2026-01-12 06:00:00,9.916439900657089,11.734209265090456
2026-01-12 07:00:00,10.196579958253007,5.670013853124221
2026-01-12 08:00:00,10.394002536412302,15.242060806575708
2026-01-12 09:00:00,10.261787314472638,2.0983750818969913
2026-01-12 10:00:00,10.209766250324936,16.179492634218477
2026-01-12 11:00:00,9.882454429083754,10.138107775502837
2026-01-12 12:00:00,10.391118184261178,12.571597600274131
2026-01-12 13:00:00,10.546394072879943,10.545053263441794
2026-01-12 14:00:00,10.145321107545168,9.622757350902258
2026-01-12 15:00:00,10.415729490443109,3.9608091670094865
2026-01-12 16:00:00,10.28013489942315,7.161077166849942
2026-01-12 17:00:00,10.718531409753973,13.615999796001134
2026-01-12 18:00:00,10.59747715750673,14.999139397999514
2026-01-12 19:00:00,10.323965316247868,3.7876228908408773
2026-01-12 20:00:00,10.395760418878544,18.93737907509218
2026-01-12 21:00:00,10.948064108630293,12.49473369863535
2026-01-12 22:00:00,10.621025761518444,13.326979381845728
2026-01-12 23:00:00,11.159331060854642,15.035543679428917
2026-01-13 00:00:00,11.031193874134232,12.660130175911823
2026-01-13 01:00:00,11.128644526276334,10.818385980279924
2026-01-13 02:00:00,11.296777139378577,6.979610329405541
2026-01-13 03:00:00,10.936556820469507,14.37728458437422
2026-01-13 04:00:00,11.131778506757252,10.216912304980854
2026-01-13 05:00:00,10.98226068821314,7.25659771089098
2026-01-13 06:00:00,11.339414969486578,13.15109482614447
2026-01-13 07:00:00,11.476658083323471,8.78093076955929
2026-01-13 08:00:00,11.908644508768376,8.950767085548556
2026-01-13 09:00:00,11.624348814571047,21.346792431898997
2026-01-13 10:00:00,11.393566488169114,9.0392879424336
2026-01-13 11:00:00,11.898959073427411,14.036382285292836
2026-01-13 12:00:00,11.446058494673371,11.446058494673371
2026-01-13 13:00:00,12.281172317323003,12.281172317323003
2026-01-13 14:00:00,12.109222521976097,12.109222521976097
2026-01-13 15:00:00,11.978092484587844,11.978092484587844
2026-01-13 16:00:00,12.187877282508152,12.187877282508152
2026-01-13 17:00:00,12.095382736712534,12.095382736712534
2026-01-13 18:00:00,12.292154986434163,12.292154986434163
2026-01-13 19:00:00,12.536979451796121,12.536979451796121
2026-01-13 20:00:00,12.572210902612994,12.572210902612994
2026-01-13 21:00:00,12.901163586468067,12.901163586468067
2026-01-13 22:00:00,12.82563915896814,12.82563915896814
2026-01-13 23:00:00,12.903202558097469,12.903202558097469
2026-01-14 00:00:00,12.870349450313729,12.870349450313729
2026-01-14 01:00:00,12.68719327871017,12.68719327871017
2026-01-14 02:00:00,13.09697662470242,13.09697662470242
2026-01-14 03:00:00,13.213384121525499,22.27642898916421
2026-01-14 04:00:00,13.395879225626805,13.395879225626805
2026-01-14 05:00:00,13.378897076462438,13.378897076462438
2026-01-14 06:00:00,13.203699642692133,13.203699642692133
2026-01-14 07:00:00,13.383318577714771,13.383318577714771
2026-01-14 08:00:00,13.357864227220237,13.357864227220237
2026-01-14 09:00:00,13.153840458313422,13.153840458313422
2026-01-14 10:00:00,13.612107805758134,13.612107805758134
2026-01-14 11:00:00,13.620303285888376,13.620303285888376
2026-01-14 12:00:00,13.39229727705069,13.39229727705069
2026-01-14 13:00:00,13.443120353733205,13.443120353733205
2026-01-14 14:00:00,14.13621111445852,14.13621111445852
2026-01-14 15:00:00,13.300946284679084,13.300946284679084
2026-01-14 16:00:00,13.728280684739829,13.728280684739829
2026-01-14 17:00:00,13.70068748401856,13.70068748401856
2026-01-14 18:00:00,13.943867989864602,13.943867989864602
2026-01-14 19:00:00,13.770162280216173,13.770162280216173
2026-01-14 20:00:00,14.191238298236966,14.191238298236966
2026-01-14 21:00:00,14.116920269395584,14.116920269395584
2026-01-14 22:00:00,14.023388997827292,27.892796674376296
2026-01-14 23:00:00,13.69221041377863,13.69221041377863
2026-01-15 00:00:00,13.700173338192089,13.700173338192089
2026-01-15 01:00:00,13.861017913982193,13.861017913982193
2026-01-15 02:00:00,14.336498619885774,14.336498619885774
2026-01-15 03:00:00,13.791668543505024,13.791668543505024
2026-01-15 04:00:00,13.865053038342651,13.865053038342651
2026-01-15 05:00:00,13.620651187027095,13.620651187027095
2026-01-15 06:00:00,14.004045863930537,14.004045863930537
2026-01-15 07:00:00,13.931754136728841,2.2006501766918642
2026-01-15 08:00:00,13.804661197744903,13.804661197744903
2026-01-15 09:00:00,13.988799637752061,13.988799637752061
2026-01-15 10:00:00,14.031065737441187,14.031065737441187
2026-01-15 11:00:00,14.110654320469283,14.110654320469283
2026-01-15 12:00:00,13.69570247703294,13.69570247703294
2026-01-15 13:00:00,13.548287687429845,13.548287687429845
2026-01-15 14:00:00,13.582717593570218,13.582717593570218
2026-01-15 15:00:00,13.739987867867171,13.739987867867171
2026-01-15 16:00:00,13.68180326081194,13.68180326081194
2026-01-15 17:00:00,13.760349123693398,13.760349123693398
2026-01-15 18:00:00,13.883079295828821,13.883079295828821
2026-01-15 19:00:00,13.369104014350608,13.369104014350608
2026-01-15 20:00:00,13.729223105905985,13.729223105905985
2026-01-15 21:00:00,13.527845254497054,13.527845254497054
2026-01-15 22:00:00,13.370225683662648,13.370225683662648
2026-01-15 23:00:00,13.381704511207504,13.381704511207504
2026-01-16 00:00:00,13.18662111796809,13.18662111796809
2026-01-16 01:00:00,13.287572596722804,13.287572596722804
2026-01-16 02:00:00,13.126801682533827,13.126801682533827
2026-01-16 03:00:00,13.116983081402378,13.116983081402378
2026-01-16 04:00:00,13.35994280489252,13.35994280489252
2026-01-16 05:00:00,12.733469875921422,12.733469875921422
2026-01-16 06:00:00,12.690819093269248,12.690819093269248
2026-01-16 07:00:00,13.078982749884574,13.078982749884574
2026-01-16 08:00:00,12.56613880166412,12.56613880166412
2026-01-16 09:00:00,12.438180924912439,12.438180924912439
2026-01-16 10:00:00,12.071695473081073,12.071695473081073
2026-01-16 11:00:00,12.134883213358432,12.134883213358432
2026-01-16 12:00:00,12.146220298741099,12.146220298741099
2026-01-16 13:00:00,12.391325589266627,12.391325589266627
2026-01-16 14:00:00,12.086451031018665,12.086451031018665
2026-01-16 15:00:00,11.972739605782504,-2.5122027823645574
2026-01-16 16:00:00,12.010267103424889,12.010267103424889
2026-01-16 17:00:00,11.624342003160839,11.624342003160839
2026-01-16 18:00:00,11.673173006838127,11.673173006838127
2026-01-16 19:00:00,11.44721342024212,11.44721342024212
2026-01-16 20:00:00,11.81737849553475,11.81737849553475
2026-01-16 21:00:00,11.403082958414377,11.403082958414377
2026-01-16 22:00:00,11.646670287951608,11.646670287951608
2026-01-16 23:00:00,11.553019926369473,11.553019926369473
2026-01-17 00:00:00,10.986406494780208,10.986406494780208
2026-01-17 01:00:00,11.50665741899507,11.50665741899507
2026-01-17 02:00:00,11.072283628866607,11.072283628866607
2026-01-17 03:00:00,11.340820563004254,11.340820563004254
2026-01-17 04:00:00,11.181387645003799,11.181387645003799
2026-01-17 05:00:00,10.817238343194779,10.817238343194779
2026-01-17 06:00:00,10.970804820944865,10.970804820944865
2026-01-17 07:00:00,10.973898265298914,10.973898265298914
2026-01-17 08:00:00,10.744909024795174,10.744909024795174
2026-01-17 09:00:00,10.917793714676968,10.917793714676968
2026-01-17 10:00:00,11.251223847255087,11.251223847255087
2026-01-17 11:00:00,10.618996512091714,10.618996512091714
2026-01-17 12:00:00,10.880219401800964,10.880219401800964
2026-01-17 13:00:00,10.277105652121735,10.277105652121735
2026-01-17 14:00:00,10.54662504648365,10.54662504648365
2026-01-17 15:00:00,10.316217072264099,10.316217072264099
2026-01-17 16:00:00,10.207112565738754,10.207112565738754
2026-01-17 17:00:00,10.016909825804877,10.016909825804877
2026-01-17 18:00:00,10.289822143628454,10.289822143628454
2026-01-17 19:00:00,10.457639138034056,10.457639138034056
2026-01-17 20:00:00,10.094186897029122,10.094186897029122
2026-01-17 21:00:00,9.856855102768419,9.856855102768419
2026-01-17 22:00:00,9.870348049491053,9.870348049491053
2026-01-17 23:00:00,9.834999914154254,9.834999914154254
2026-01-18 00:00:00,10.112277853154955,10.112277853154955
2026-01-18 01:00:00,9.968228215033687,9.968228215033687
2026-01-18 02:00:00,10.065109452926334,10.065109452926334
2026-01-18 03:00:00,10.193666974708353,10.193666974708353
2026-01-18 04:00:00,10.007519339557899,10.007519339557899
2026-01-18 05:00:00,9.972333442097053,9.972333442097053
2026-01-18 06:00:00,10.304993345340126,10.304993345340126
2026-01-18 07:00:00,9.800308020297708,9.800308020297708
2026-01-18 08:00:00,10.197508731757056,10.197508731757056
2026-01-18 09:00:00,9.71699865464411,9.71699865464411
2026-01-18 10:00:00,10.330959424380966,10.330959424380966
2026-01-18 11:00:00,10.138896968915814,10.138896968915814
2026-01-18 12:00:00,10.272536149760821,10.272536149760821
2026-01-18 13:00:00,9.830312896229591,9.830312896229591
2026-01-18 14:00:00,10.365177547854167,10.365177547854167
2026-01-18 15:00:00,9.766950106737042,9.766950106737042
2026-01-18 16:00:00,10.40255276625752,10.40255276625752
2026-01-18 17:00:00,10.171262823681907,10.171262823681907
2026-01-18 18:00:00,10.282757976831613,10.282757976831613
2026-01-18 19:00:00,10.447614080502177,10.447614080502177
2026-01-18 20:00:00,10.658336593074058,10.658336593074058
2026-01-18 21:00:00,10.260393789942224,10.260393789942224
2026-01-18 22:00:00,10.238238215003069,10.238238215003069
2026-01-18 23:00:00,10.45302931557943,10.45302931557943
2026-01-19 00:00:00,10.332859366947057,10.332859366947057
2026-01-19 01:00:00,10.676505417765476,10.676505417765476
2026-01-19 02:00:00,10.647725070444196,10.647725070444196
2026-01-19 03:00:00,10.672327759683105,10.672327759683105
2026-01-19 04:00:00,10.64379856024754,10.64379856024754
2026-01-19 05:00:00,11.153890576350678,11.153890576350678
2026-01-19 06:00:00,10.842879527054093,10.842879527054093
2026-01-19 07:00:00,11.039757482736047,11.039757482736047
2026-01-19 08:00:00,11.102715675640754,11.102715675640754
2026-01-19 09:00:00,11.434402262669387,11.434402262669387
2026-01-19 10:00:00,11.315812490560054,-3.3247976875908396
2026-01-19 11:00:00,11.877599408600476,11.877599408600476
2026-01-19 12:00:00,10.92526442031355,10.92526442031355
2026-01-19 13:00:00,11.618435989645127,11.618435989645127
2026-01-19 14:00:00,11.512791008206005,11.512791008206005
2026-01-19 15:00:00,11.645006294599478,11.645006294599478
2026-01-19 16:00:00,12.332664277237557,12.332664277237557
2026-01-19 17:00:00,11.595944193953141,11.595944193953141
2026-01-19 18:00:00,11.724641265751112,
2026-01-19 19:00:00,12.076280438651045,
2026-01-19 20:00:00,11.830007048131472,
2026-01-19 21:00:00,12.062283773320264,
2026-01-19 22:00:00,12.082742242283945,
2026-01-19 23:00:00,12.212473405666048,
2026-01-20 00:00:00,12.481653950958744,
2026-01-20 01:00:00,12.581377060937106,
2026-01-20 02:00:00,12.640788427599112,
2026-01-20 03:00:00,12.591780501199183,
2026-01-20 04:00:00,13.309089191628962,
2026-01-20 05:00:00,12.662999836950402,
2026-01-20 06:00:00,12.894999300599986,
2026-01-20 07:00:00,13.127937280314375,
2026-01-20 08:00:00,13.413241625977832,
2026-01-20 09:00:00,13.17173469207708,
2026-01-20 10:00:00,13.135526545138882,
2026-01-20 11:00:00,13.104576893642651,
2026-01-20 12:00:00,13.255460981744422,
2026-01-20 13:00:00,13.264437153710094,
2026-01-20 14:00:00,13.277559812091491,
2026-01-20 15:00:00,13.729221701746559,
2026-01-20 16:00:00,13.73662750540824,
2026-01-20 17:00:00,13.595496017509964,
2026-01-20 18:00:00,13.761121260368075,
2026-01-20 19:00:00,13.492801819759258,
2026-01-20 20:00:00,13.46077226749691,
2026-01-20 21:00:00,13.514795837233258,
2026-01-20 22:00:00,13.536867446117784,
2026-01-20 23:00:00,13.830804907503362,
2026-01-21 00:00:00,13.846425229037955,
2026-01-21 01:00:00,14.076655592917765,
2026-01-21 02:00:00,13.488719213469262,
2026-01-21 03:00:00,14.270367998166742,
2026-01-21 04:00:00,13.787663876462947,
2026-01-21 05:00:00,14.341300875478364,
2026-01-21 06:00:00,14.115530880610006,
2026-01-21 07:00:00,13.810128734502543,
2026-01-21 08:00:00,13.993974850317288,
2026-01-21 09:00:00,13.573189629789534,
2026-01-21 10:00:00,14.0661424983582,
2026-01-21 11:00:00,14.380794103525698,
2026-01-21 12:00:00,13.896120713353113,
2026-01-21 13:00:00,13.868250502911375,
2026-01-21 14:00:00,13.622893607485647,
2026-01-21 15:00:00,13.681257466432978,
2026-01-21 16:00:00,14.012733087681495,
2026-01-21 17:00:00,14.336104378386015,
2026-01-21 18:00:00,13.890014642169024,
2026-01-21 19:00:00,13.774991053571753,
2026-01-21 20:00:00,13.779344128776328,13.779344128776328
2026-01-21 21:00:00,13.686994514845175,13.686994514845175
2026-01-21 22:00:00,13.57652793866803,13.57652793866803
2026-01-21 23:00:00,14.099305137700721,14.099305137700721
2026-01-22 00:00:00,13.665636394976188,13.665636394976188
2026-01-22 01:00:00,13.658414544497797,13.658414544497797
2026-01-22 02:00:00,13.653636523770428,26.344027539901752
2026-01-22 03:00:00,14.179909373571501,14.179909373571501
2026-01-22 04:00:00,13.335778129831564,13.335778129831564
2026-01-22 05:00:00,13.18276648553721,13.18276648553721
2026-01-22 06:00:00,13.269304619357682,13.269304619357682
2026-01-22 07:00:00,13.234189900022198,13.234189900022198
2026-01-22 08:00:00,12.954983416106636,12.954983416106636
2026-01-22 09:00:00,13.034282984859452,13.034282984859452
2026-01-22 10:00:00,13.322371167161705,9.448889865953522
2026-01-22 11:00:00,12.768858557647391,12.768858557647391
2026-01-22 12:00:00,13.090787948471325,13.090787948471325
2026-01-22 13:00:00,12.98756980353113,12.98756980353113
2026-01-22 14:00:00,12.732935982055402,12.732935982055402
2026-01-22 15:00:00,12.646439551179759,14.907655619670697
2026-01-22 16:00:00,12.94946553880836,12.94946553880836
2026-01-22 17:00:00,12.472960763861783,12.472960763861783
2026-01-22 18:00:00,12.369458465497836,12.369458465497836
2026-01-22 19:00:00,12.570565106532513,12.570565106532513
2026-01-22 20:00:00,12.269045610061255,6.5937852778944315
2026-01-22 21:00:00,12.180888793929688,12.180888793929688
2026-01-22 22:00:00,12.227844172454265,12.227844172454265
2026-01-22 23:00:00,11.663785069981028,11.663785069981028
2026-01-23 00:00:00,11.857550820417602,11.857550820417602
2026-01-23 01:00:00,11.989992016892275,6.981112343007469
2026-01-23 02:00:00,11.646177374290625,11.646177374290625
2026-01-23 03:00:00,11.44761894240039,11.44761894240039
2026-01-23 04:00:00,11.366201491773177,11.366201491773177
2026-01-23 05:00:00,11.257055743409211,11.257055743409211
2026-01-23 06:00:00,10.882186234997645,10.882186234997645
2026-01-23 07:00:00,11.83986134763158,11.83986134763158
2026-01-23 08:00:00,11.645741357704253,11.645741357704253
2026-01-23 09:00:00,11.376263117527762,25.567832824470592
2026-01-23 10:00:00,11.196219995349425,11.196219995349425
2026-01-23 11:00:00,10.935439889205854,10.935439889205854
2026-01-23 12:00:00,11.027974505834734,11.027974505834734
2026-01-23 13:00:00,10.906443377064006,10.906443377064006
2026-01-23 14:00:00,11.03312619634374,11.03312619634374
2026-01-23 15:00:00,10.909703044121345,10.909703044121345
2026-01-23 16:00:00,10.855467421073525,10.855467421073525
2026-01-23 17:00:00,10.28815332113739,10.28815332113739
2026-01-23 18:00:00,10.554838318873026,10.554838318873026
2026-01-23 19:00:00,10.357880158571815,10.357880158571815
2026-01-23 20:00:00,10.619536778571344,10.619536778571344
2026-01-23 21:00:00,10.50659121388373,10.50659121388373
2026-01-23 22:00:00,10.134281982237233,10.134281982237233
2026-01-23 23:00:00,10.397323423465716,3.3062155800518402
2026-01-24 00:00:00,10.027888514616318,10.027888514616318
2026-01-24 01:00:00,10.595266643376636,10.595266643376636
2026-01-24 02:00:00,10.694896242935558,10.694896242935558
2026-01-24 03:00:00,9.858587303823537,9.858587303823537
2026-01-24 04:00:00,10.07104553554614,10.07104553554614
2026-01-24 05:00:00,9.829979461576604,9.829979461576604
2026-01-24 06:00:00,9.708363765124325,9.708363765124325
2026-01-24 07:00:00,10.224417907412823,10.224417907412823
2026-01-24 08:00:00,10.23519235422452,10.23519235422452
2026-01-24 09:00:00,10.403987367696951,10.403987367696951
2026-01-24 10:00:00,9.909415007431416,9.909415007431416
2026-01-24 11:00:00,10.112802321347337,10.112802321347337
2026-01-24 12:00:00,9.928587921640668,9.928587921640668
2026-01-24 13:00:00,10.241930683961801,10.241930683961801
2026-01-24 14:00:00,10.180280564895716,10.180280564895716
2026-01-24 15:00:00,10.068245158883252,10.068245158883252
2026-01-24 16:00:00,10.458721387132936,10.458721387132936
2026-01-24 17:00:00,10.166726371281243,10.166726371281243
2026-01-24 18:00:00,10.479149837853594,10.479149837853594
2026-01-24 19:00:00,10.017562231645377,10.017562231645377
2026-01-24 20:00:00,9.750490792568577,9.750490792568577
2026-01-24 21:00:00,10.000663845076467,10.000663845076467
2026-01-24 22:00:00,9.951078343673991,9.951078343673991
2026-01-24 23:00:00,10.202401499908282,10.202401499908282
2026-01-25 00:00:00,10.277475037291312,10.277475037291312
2026-01-25 01:00:00,10.32939066239675,10.32939066239675
2026-01-25 02:00:00,10.25434897352295,-3.975749432491339
2026-01-25 03:00:00,10.484279271407456,10.484279271407456
2026-01-25 04:00:00,10.40528823929838,10.40528823929838
2026-01-25 05:00:00,10.7463187394413,10.7463187394413
2026-01-25 06:00:00,10.40738363422761,10.40738363422761
2026-01-25 07:00:00,10.377564991962565,10.377564991962565
2026-01-25 08:00:00,10.938708250479886,10.938708250479886
2026-01-25 09:00:00,10.34616370415754,10.34616370415754
2026-01-25 10:00:00,10.693853430674459,10.693853430674459
2026-01-25 11:00:00,10.521137359553189,10.521137359553189
2026-01-25 12:00:00,10.663371656861841,10.663371656861841
2026-01-25 13:00:00,11.125839209562658,11.125839209562658
2026-01-25 14:00:00,11.00901302885619,11.00901302885619
2026-01-25 15:00:00,11.317063287698339,11.317063287698339
2026-01-25 16:00:00,11.07573050113516,11.07573050113516
2026-01-25 17:00:00,11.250321384311796,11.250321384311796
2026-01-25 18:00:00,11.527908883135504,11.527908883135504
2026-01-25 19:00:00,11.343820612241968,11.343820612241968
2026-01-25 20:00:00,11.53741035792344,11.53741035792344
2026-01-25 21:00:00,11.520895294268794,11.520895294268794
2026-01-25 22:00:00,11.492873482185201,22.953133310806592
2026-01-25 23:00:00,12.168239233466293,12.168239233466293
2026-01-26 00:00:00,11.777939867887822,20.038352079887886
2026-01-26 01:00:00,11.997358229221598,11.997358229221598
2026-01-26 02:00:00,11.741018091007508,11.741018091007508
2026-01-26 03:00:00,11.911747538872962,11.911747538872962
2026-01-26 04:00:00,12.173468868433437,12.173468868433437
2026-01-26 05:00:00,12.225045974404953,12.225045974404953
2026-01-26 06:00:00,12.330806444099064,12.330806444099064
2026-01-26 07:00:00,12.554663211537262,12.554663211537262
2026-01-26 08:00:00,12.179951518519484,12.179951518519484
2026-01-26 09:00:00,12.641268201612508,12.641268201612508
2026-01-26 10:00:00,12.97102220388665,12.97102220388665
2026-01-26 11:00:00,12.800443788057427,12.800443788057427
2026-01-26 12:00:00,12.776650957490494,11.598337730291348
2026-01-26 13:00:00,12.756830872709973,12.756830872709973
2026-01-26 14:00:00,13.165688953383562,13.165688953383562
2026-01-26 15:00:00,12.66725881415487,12.66725881415487
2026-01-26 16:00:00,13.086439729520936,13.086439729520936
2026-01-26 17:00:00,13.14179180943986,0.5289810761494032
2026-01-26 18:00:00,13.054134114252445,13.054134114252445
2026-01-26 19:00:00,12.856255697242466,12.856255697242466
2026-01-26 20:00:00,13.072269480243545,13.072269480243545
2026-01-26 21:00:00,13.187961486543804,13.187961486543804
2026-01-26 22:00:00,13.552351891069966,13.552351891069966
2026-01-26 23:00:00,13.924194158693073,13.924194158693073
2026-01-27 00:00:00,13.708958710758862,13.708958710758862
2026-01-27 01:00:00,13.674470573826467,13.674470573826467
2026-01-27 02:00:00,13.745710347190105,13.745710347190105
2026-01-27 03:00:00,13.707822531155534,13.707822531155534
2026-01-27 04:00:00,14.0259281358246,14.0259281358246
2026-01-27 05:00:00,13.706073139516,13.706073139516
2026-01-27 06:00:00,13.659887435893333,13.659887435893333
2026-01-27 07:00:00,13.614427495003657,13.614427495003657
2026-01-27 08:00:00,14.044473316134754,14.044473316134754
2026-01-27 09:00:00,14.328746343484374,14.328746343484374
2026-01-27 10:00:00,13.4147756302646,13.4147756302646
2026-01-27 11:00:00,13.921406450232993,13.921406450232993
2026-01-27 12:00:00,14.077536932917193,14.077536932917193
2026-01-27 13:00:00,13.916809023753272,13.916809023753272
2026-01-27 14:00:00,14.200994865079728,14.200994865079728
2026-01-27 15:00:00,14.158710120361103,14.158710120361103
2026-01-27 16:00:00,13.996183173129646,13.996183173129646
2026-01-27 17:00:00,14.134729134818556,14.134729134818556
2026-01-27 18:00:00,13.961443191091995,13.961443191091995
2026-01-27 19:00:00,13.67371538764192,13.67371538764192
2026-01-27 20:00:00,13.955860453621215,13.955860453621215
2026-01-27 21:00:00,13.650557612916824,13.650557612916824
2026-01-27 22:00:00,14.339056422733327,14.339056422733327
2026-01-27 23:00:00,13.9171658929468,21.528452851717304
2026-01-28 00:00:00,13.525490526769103,13.525490526769103
2026-01-28 01:00:00,13.79146098842204,13.79146098842204
2026-01-28 02:00:00,13.461950395487566,13.461950395487566
2026-01-28 03:00:00,14.0992952209943,2.0051385771862424
2026-01-28 04:00:00,13.735595199291112,13.735595199291112
2026-01-28 05:00:00,13.724027735074227,13.724027735074227
2026-01-28 06:00:00,13.631387631586561,13.631387631586561
2026-01-28 07:00:00,13.46891008177255,13.46891008177255
2026-01-28 08:00:00,13.767520842570253,13.767520842570253
2026-01-28 09:00:00,13.379930644773,13.379930644773
2026-01-28 10:00:00,13.704344406850858,13.704344406850858
2026-01-28 11:00:00,13.194038065847836,13.194038065847836
2026-01-28 12:00:00,13.345355418107456,13.345355418107456
2026-01-28 13:00:00,13.656945101521192,13.656945101521192
2026-01-28 14:00:00,13.434826371366842,13.434826371366842
2026-01-28 15:00:00,13.158567264313934,13.158567264313934
2026-01-28 16:00:00,12.945176938875226,12.945176938875226
2026-01-28 17:00:00,12.802846049258127,12.802846049258127
2026-01-28 18:00:00,12.940085003713554,27.406895244835617
2026-01-28 19:00:00,13.157878140966194,13.157878140966194
2026-01-28 20:00:00,12.544945493367093,12.544945493367093
2026-01-28 21:00:00,12.711635150311947,12.711635150311947
2026-01-28 22:00:00,12.63759372554277,12.63759372554277
2026-01-28 23:00:00,12.447473917561613,12.447473917561613
2026-01-29 00:00:00,12.32134379791282,12.32134379791282
2026-01-29 01:00:00,12.31568071516144,12.31568071516144
2026-01-29 02:00:00,12.46659683783311,12.46659683783311
2026-01-29 03:00:00,12.034635328983727,12.034635328983727
2026-01-29 04:00:00,12.329851997260326,12.329851997260326
2026-01-29 05:00:00,12.308026030639919,12.308026030639919
2026-01-29 06:00:00,12.035471357863212,12.035471357863212
2026-01-29 07:00:00,11.50884942988712,11.50884942988712
2026-01-29 08:00:00,12.072821682884419,20.02572118608395
2026-01-29 09:00:00,11.448212861457918,11.448212861457918
2026-01-29 10:00:00,11.548247799797418,11.548247799797418
2026-01-29 11:00:00,11.560667260501043,11.560667260501043
2026-01-29 12:00:00,11.432464734961961,11.432464734961961
2026-01-29 13:00:00,11.383241179164752,11.383241179164752
2026-01-29 14:00:00,11.287687873433812,11.287687873433812
2026-01-29 15:00:00,11.180003474500777,-0.28000324932593124
2026-01-29 16:00:00,11.075930421517194,11.075930421517194
2026-01-29 17:00:00,11.258175027455556,11.258175027455556
2026-01-29 18:00:00,11.092474096213135,11.092474096213135
2026-01-29 19:00:00,11.433272590398525,11.433272590398525
2026-01-29 20:00:00,11.295689134389047,11.295689134389047
2026-01-29 21:00:00,10.70571680840334,10.70571680840334
2026-01-29 22:00:00,10.542406661324703,10.542406661324703
2026-01-29 23:00:00,10.537138095708487,10.537138095708487
2026-01-30 00:00:00,10.376127242413824,10.376127242413824
2026-01-30 01:00:00,10.409861387095475,10.409861387095475
2026-01-30 02:00:00,10.079279171210503,10.079279171210503
2026-01-30 03:00:00,10.501954255157763,10.501954255157763
2026-01-30 04:00:00,10.316938842322628,10.316938842322628
2026-01-30 05:00:00,10.078867068764376,23.537786747608536
2026-01-30 06:00:00,10.193096501271272,10.193096501271272
2026-01-30 07:00:00,10.060702978015899,10.060702978015899
2026-01-30 08:00:00,10.078678024966012,10.078678024966012
2026-01-30 09:00:00,10.348204013619377,12.342864322191552
2026-01-30 10:00:00,10.01878909162017,10.01878909162017
2026-01-30 11:00:00,9.78231668387938,9.78231668387938
2026-01-30 12:00:00,10.422450288845733,10.422450288845733
2026-01-30 13:00:00,9.973430691138462,9.973430691138462
2026-01-30 14:00:00,9.731473257023357,9.731473257023357
2026-01-30 15:00:00,9.781539045651918,9.781539045651918
2026-01-30 16:00:00,10.292128129818542,13.556092796738533
2026-01-30 17:00:00,10.23837750887141,10.23837750887141
2026-01-30 18:00:00,9.832189093549802,9.832189093549802
2026-01-30 19:00:00,10.061212139701365,10.061212139701365
2026-01-30 20:00:00,10.031042333992877,10.031042333992877
2026-01-30 21:00:00,9.913809039677334,9.913809039677334
2026-01-30 22:00:00,10.165258108174463,10.165258108174463
2026-01-30 23:00:00,9.98735850363765,9.98735850363765
